{"loss":{"0":4.1198840141,"1":2.5304906368,"2":2.8402078152,"3":2.923760891,"4":2.9414100647},"top_10_acc":{"0":0.9181426764,"1":0.9187847376,"2":0.9090003967,"3":0.904528439,"4":0.9042829275},"top_20_acc":{"0":0.9687668085,"1":0.9740898609,"2":0.9687690735,"3":0.9665127993,"4":0.9665475488},"top_100_acc":{"0":0.9945824146,"1":0.9980793595,"2":0.9976166487,"3":0.9975137115,"4":0.9974322319},"val_loss":{"0":9.833533287,"1":7.3961758614,"2":6.9714112282,"3":7.0170798302,"4":7.0991139412},"val_top_10_acc":{"0":0.7998436689,"1":0.8322119713,"2":0.8378366232,"3":0.8428468108,"4":0.8406056762},"val_top_20_acc":{"0":0.8844649792,"1":0.9119637609,"2":0.9189920425,"3":0.9160012007,"4":0.9174838662},"val_top_100_acc":{"0":0.9779152274,"1":0.9837015867,"2":0.9820876718,"3":0.9822245836,"4":0.982031703}}