{"loss":{"0":0.3377159834,"1":0.2677230835,"2":0.2773927748,"3":0.2751480639,"4":0.2794779539,"5":0.2767901719,"6":0.2772589922},"top_1_accuracy":{"0":0.9594598413,"1":0.9625460505,"2":0.9602419138,"3":0.9602606893,"4":0.9599967599,"5":0.9603443146,"6":0.9603019357},"top_3_accuracy":{"0":0.9955406189,"1":0.9969441295,"2":0.9961886406,"3":0.99621135,"4":0.9961201549,"5":0.9961524606,"6":0.9962002039},"top_10_accuracy":{"0":0.9990620017,"1":0.9995016456,"2":0.9993941188,"3":0.999396801,"4":0.9993675947,"5":0.9993673563,"6":0.9993787408},"val_loss":{"0":1.9689596891,"1":1.2815915346,"2":1.2660084963,"3":1.2702080011,"4":1.2618778944,"5":1.2645864487,"6":1.2761384249},"val_top_1_accuracy":{"0":0.9142730832,"1":0.9275912046,"2":0.928779304,"3":0.9284192324,"4":0.9283331633,"5":0.9283362627,"6":0.9283253551},"val_top_3_accuracy":{"0":0.9785029292,"1":0.9810826182,"2":0.9812328815,"3":0.9810810685,"4":0.9810732603,"5":0.981059134,"6":0.9810184836},"val_top_10_accuracy":{"0":0.9950346947,"1":0.9956154227,"2":0.9956936836,"3":0.9956373572,"4":0.99562639,"5":0.9956718087,"6":0.9955841303}}